"Header_0","Header_1","Header_image","Text","cc_segment_image"
"battery junction box battery harness  explode view","","jscia0761gb","Component - jscia0761gb","img_0_7.png"
"battery junction box battery harness  explode view","","jscia0761gb","Component - service plug switch","img_0_7_CC_2.png"
"battery junction box battery harness  explode view","","jscia0761gb","Component - service plug switch bracket","img_0_7_CC_2.png"
"battery junction box battery harness  explode view","","jscia0761gb","Component - highvoltage battery harness","img_0_7_CC_1.png"
"battery junction box battery harness  explode view","","jscia0761gb","Component - bus bar nut cap","img_0_7_CC_5.png"
"battery junction box battery harness  explode view","","jscia0761gb","Component - bus bar","img_0_7_CC_3.png"
"battery junction box battery harness  explode view","","jscia0761gb","Component - bus bar nut cap","img_0_7_CC_4.png"
"battery junction box battery harness  explode view","","jscia0761gb","Component - bus bar integrate noise filter","img_0_7_CC_1.png"
"battery junction box battery harness  explode view","","jscia0761gb","Component - battery junction box","img_0_7_CC_7.png"
"battery junction box battery harness  explode view","","jscia0761gb","Component - harness bracket","img_0_7_CC_9.png"
"battery junction box battery harness  explode view","","jscia0761gb","Component - vehicle communication harness","img_0_7_CC_10.png"
"battery junction box battery harness  explode view","","jscia0761gb","Component - snap ring","img_0_7_CC_2.png"
"battery junction box battery harness  explode view","","jscia0761gb","Component - ptc heater harness connector","img_0_7_CC_10.png"
"battery junction box battery harness  explode view","","jscia0761gb","Component - highvoltage harness connector","img_0_7_CC_10.png"
"battery junction box battery harness  explode view","","jscia0761gb","Component - connector flange","img_0_7_CC_10.png"
"battery junction box battery harness  explode view","","jscia0761gb","Component - seal","img_0_7_CC_10.png"
"battery junction box battery harness  explode view","","jscia0761gb","Component - voltage detection harness","img_0_7_CC_8.png"
"battery junction box battery harness  explode view","","jscia0761gb","Component - bus bar","img_0_7_CC_2.png"
"battery junction box battery harness  explode view","","jscia0761gb","Component - battery current sensor integrate","img_0_7_CC_2.png"
"battery junction box battery harness  explode view","","jscia0761gb","Component - highvoltage battery harness","img_0_7_CC_2.png"
"battery junction box battery harness  explode view","",": always replace every disa","Component - : always replace every disa","img_1_33.png"
"battery junction box battery harness  explode view","",": n·m kgm inlb","Component - : n·m kgm inlb","img_1_34.png"
"battery junction box battery harness  explode view","bus bar layout","danger electric shock fire never contact bus bar wrong terminal","Component - danger electric shock fire never contact bus bar wrong terminal","img_2_7.jpeg"
"battery junction box battery harness  explode view","bus bar layout","jscia0761gb","Component - jscia0874zz","img_0_7_CC_7.png"
"battery junction box battery harness  explode view","bus bar layout","jscia0761gb","Component - : battery front","img_2_10.png"
"battery junction box battery harness  disassembly assembly","","since hybrid vehicle electric vehicle contain high voltage battery risk","Component - since hybrid vehicle electric vehicle contain high voltage battery risk","img_3_25.jpeg"
"battery junction box battery harness  disassembly assembly","disassembly","prevent electric shock wear insulate protective","Component - prevent electric shock wear insulate protective","img_4_17.jpeg"
"battery junction box battery harness  disassembly assembly","disassembly","jscia0761gb","Component - jscia0708zz","img_4_14.png"
"battery junction box battery harness  disassembly assembly","disassembly","danger electric shock cause","Component - danger electric shock cause","img_4_23.jpeg"
"battery junction box battery harness  disassembly assembly","disassembly","jscia0761gb","Component - jscia0709zz","img_4_20.png"
"battery junction box battery harness  disassembly assembly","disassembly","danger electric shock sure","Component - danger electric shock sure","img_4_29.jpeg"
"battery junction box battery harness  disassembly assembly","disassembly","jscia0761gb","Component - disconnect highvoltage","img_4_32.png"
"battery junction box battery harness  disassembly assembly","disassembly","prevent electric shock wear insulate protective","Component - prevent electric shock wear insulate protective","img_4_33.jpeg"
"battery junction box battery harness  disassembly assembly","disassembly","jscia0761gb","Component - jscia0590zz","img_4_30.png"
"battery junction box battery harness  disassembly assembly","disassembly","prevent electric shock wear insulate protective","Component - prevent electric shock wear insulate protective","img_4_42.jpeg"
"battery junction box battery harness  disassembly assembly","disassembly","jscia0761gb","Component - jscia0710zz","img_4_39.png"
"battery junction box battery harness  disassembly assembly","disassembly","jscia0761gb","Component - remove ptc heater har","img_5_36.png"
"battery junction box battery harness  disassembly assembly","disassembly","prevent electric shock wear insulate protective","Component - prevent electric shock wear insulate protective","img_5_37.jpeg"
"battery junction box battery harness  disassembly assembly","disassembly","evb","Component - evb","img_5_38.png"
"battery junction box battery harness  disassembly assembly","disassembly","jscia0761gb","Component - jscia0592zz","img_0_7_CC_5.png"
"battery junction box battery harness  disassembly assembly","disassembly","jscia0761gb","Component - liion battery heater harness connector","img_5_46.png"
"battery junction box battery harness  disassembly assembly","disassembly","prevent electric shock wear insulate protective","Component - prevent electric shock wear insulate protective","img_5_48.jpeg"
"battery junction box battery harness  disassembly assembly","disassembly","g","Component - g","img_5_49.png"
"battery junction box battery harness  disassembly assembly","disassembly","jscia0762zz","Component - jscia0762zz","img_5_43.png"
"battery junction box battery harness  disassembly assembly","disassembly","prevent electric shock wear insulate protective","Component - prevent electric shock wear insulate protective","img_5_57.jpeg"
"battery junction box battery harness  disassembly assembly","disassembly","j","Component - j","img_5_58.png"
"battery junction box battery harness  disassembly assembly","disassembly","jscia0762zz","Component - jscia0727zz","img_5_43_CC_1.png"
"battery junction box battery harness  disassembly assembly","disassembly","jscia0762zz","Component - remove","img_5_43_CC_1.png"
"battery junction box battery harness  disassembly assembly","disassembly","prevent electric shock wear insulate protective","Component - prevent electric shock wear insulate protective","img_5_68.jpeg"
"battery junction box battery harness  disassembly assembly","disassembly","n","Component - n","img_5_69.png"
"battery junction box battery harness  disassembly assembly","disassembly","jscia0762zz","Component - jscia0728zz","img_5_63.png"
"battery junction box battery harness  disassembly assembly","disassembly","p","Component - p","img_5_77.jpeg"
"battery junction box battery harness  disassembly assembly","disassembly","jscia0762zz","Component - remove highvoltage","img_6_19.png"
"battery junction box battery harness  disassembly assembly","disassembly","jscia0762zz","Component - open bus bar cover","img_6_20.png"
"battery junction box battery harness  disassembly assembly","disassembly","prevent electric shock wear insulate protective","Component - prevent electric shock wear insulate protective","img_6_22.jpeg"
"battery junction box battery harness  disassembly assembly","disassembly","jscia0712zz","Component - jscia0712zz","img_6_17.png"
"battery junction box battery harness  disassembly assembly","disassembly","jscia0712zz","Component - remove bus bar","img_6_29.png"
"battery junction box battery harness  disassembly assembly","disassembly","danger electric shock cause","Component - danger electric shock cause","img_6_32.jpeg"
"battery junction box battery harness  disassembly assembly","disassembly","jscia0713zz","Component - jscia0713zz","img_6_27.png"
"battery junction box battery harness  disassembly assembly","disassembly","risk electric shock immedi","Component - risk electric shock immedi","img_6_38.jpeg"
"battery junction box battery harness  disassembly assembly","disassembly","danger electric shock sure close bus bar cover remove","Component - danger electric shock sure close bus bar cover remove","img_6_39.jpeg"
"battery junction box battery harness  disassembly assembly","disassembly","jscia0713zz","Component - remove junction box","img_6_27_CC_0.png"
"battery junction box battery harness  disassembly assembly","disassembly","prevent electric shock wear insulate protective","Component - prevent electric shock wear insulate protective","img_6_44.jpeg"
"battery junction box battery harness  disassembly assembly","disassembly","jscia0595zz","Component - jscia0595zz","img_6_40.png"
"battery junction box battery harness  disassembly assembly","disassembly","prevent electric shock wear insulate protective","Component - prevent electric shock wear insulate protective","img_6_53.jpeg"
"battery junction box battery harness  disassembly assembly","disassembly","jscia0657zz","Component - jscia0657zz","img_6_50.png"
"battery junction box battery harness  disassembly assembly","disassembly","danger electric shock cause","Component - danger electric shock cause","img_7_34.jpeg"
"battery junction box battery harness  disassembly assembly","disassembly","evb","Component - evb","img_7_35.png"
"battery junction box battery harness  disassembly assembly","disassembly","jscia0595zz","Component - jscia0596zz","img_7_31.png"
"battery junction box battery harness  disassembly assembly","disassembly","danger electric shock sure","Component - danger electric shock sure","img_7_40.jpeg"
"battery junction box battery harness  disassembly assembly","disassembly","jscia0595zz","Component - mount bolt","img_6_40_CC_0.png"
"battery junction box battery harness  disassembly assembly","disassembly","prevent electric shock wear insulate protective","Component - prevent electric shock wear insulate protective","img_7_45.jpeg"
"battery junction box battery harness  disassembly assembly","disassembly","g","Component - g","img_7_46.png"
"battery junction box battery harness  disassembly assembly","disassembly","jscia0597zz","Component - jscia0597zz","img_7_41.png"
"battery junction box battery harness  disassembly assembly","disassembly","jscia0597zz","Component - current sensor mount bolt","img_7_41_CC_0.png"
"battery junction box battery harness  disassembly assembly","disassembly","jscia0597zz","Component - remove service plug switch","img_7_55.png"
"battery junction box battery harness  disassembly assembly","disassembly","j","Component - j","img_7_57.jpeg"
"battery junction box battery harness  disassembly assembly","disassembly","k","Component - k","img_7_58.png"
"battery junction box battery harness  disassembly assembly","disassembly","jscia0598zz","Component - jscia0598zz","img_7_51.png"
"battery junction box battery harness  disassembly assembly","disassembly","l","Component - l","img_7_63.jpeg"
"battery junction box battery harness  disassembly assembly","disassembly","jscia0598zz","Component - remove highvoltage harness","img_7_64.png"
"battery junction box battery harness  disassembly assembly","disassembly","jscia0764zz","Component - jscia0764zz","img_8_9.png"
"battery junction box battery harness  disassembly assembly","disassembly",": harness clip","Component - : harness clip","img_8_11.png"
"battery junction box battery harness  disassembly assembly","disassembly","danger electric shock cause contact terminal sure wear","Component - danger electric shock cause contact terminal sure wear","img_8_12.jpeg"
"battery junction box battery harness  disassembly assembly","disassembly","danger electric shock sure close bus bar cover remove","Component - danger electric shock sure close bus bar cover remove","img_8_18.jpeg"
"battery junction box battery harness  disassembly assembly","disassembly","jscia0765zz","Component - jscia0765zz","img_8_21.png"
"battery junction box battery harness  disassembly assembly","disassembly","jscia0765zz","Component - vehicle communication harness","img_8_21_CC_0.png"
"battery junction box battery harness  disassembly assembly","disassembly","jscia0765zz","Component - voltage detection harness","img_8_21_CC_0.png"
"battery junction box battery harness  disassembly assembly","disassembly","jscia0765zz","Component - snap ring","img_8_21_CC_0.png"
"battery junction box battery harness  disassembly assembly","disassembly",": harness clip","Component - : harness clip","img_8_26.png"
"battery junction box battery harness  disassembly assembly","disassembly","prevent electric shock wear insulate protective gear use insulate tool","Component - prevent electric shock wear insulate protective gear use insulate tool","img_8_27.jpeg"
"battery junction box battery harness  disassembly assembly","assembly","danger electric shock cause contact terminal sure wear","Component - danger electric shock cause contact terminal sure wear","img_9_30.jpeg"
"battery junction box battery harness  disassembly assembly","assembly","danger electric shock fire never allow bus bar contact wrong ter","Component - danger electric shock fire never allow bus bar contact wrong ter","img_9_36.jpeg"
"battery junction box battery harness  disassembly assembly","assembly","jscia0765zz","Component - install bus bar correct position","img_9_37.png"
"battery junction box battery harness  disassembly assembly","assembly","jscia0765zz","Component - extreme","img_9_38.png"
"battery junction box battery harness  disassembly assembly","assembly","g","Component - g","img_9_39.png"
"battery junction box battery harness  disassembly assembly","assembly","g","Component - correct position","img_9_39_CC_0.png"
"battery junction box battery harness  disassembly assembly","assembly","g","Component - wrong position","img_9_39_CC_0.png"
"battery junction box battery harness  disassembly assembly","assembly","g","Component - : battery front","img_9_43.png"
"battery junction box battery harness  disassembly assembly","assembly","air leak inspection","Component - air leak inspection","img_9_44.png"
"battery junction box battery harness  disassembly assembly","assembly","electric equipotential test","Component - electric equipotential test","img_9_45.png"
